mse_wav,mse_wav_q0,mse_wav_q1,mse_wav_q2,mse_wav_q3,samples,step
12.596854065456377,9.054972957300732,9.937614593972388,25.303724508740988,6.935347168311579,5010,500
0.5413052146285773,0.49874199050570067,0.4670171908576327,0.6311190823300137,0.556480147356567,10010,1000
0.31233605445269474,0.3297530624349918,0.29276958008846404,0.3059405135949763,0.3208326123792815,15010,1500
0.20999212714191529,0.230110069457616,0.21425794228197675,0.1770510869195714,0.21060175977152965,20010,2000
