mse_wav,mse_wav_q0,mse_wav_q1,mse_wav_q2,mse_wav_q3,samples,step
12.596854065456377,9.054972957300732,9.937614593972388,25.303724508740988,6.935347168311579,5010,500
